login,password,firstName,lastName
user1,123,Gussie,Kuphal
user2,123,Delores,Littel
user3,123,Chas,Gutkowski
user4,123,Conception,Kuhic
user5,123,Keira,Ledner
user6,123,Denny,Wiza
user7,123,Lorita,Herzog
user8,123,Bernie,Wiza
user9,123,Lupe,Fritsch
user10,123,Maurice,Goodwin
user11,123,Maia,Leannon
user12,123,Rosario,Kunze
user13,123,Hank,Tremblay
user14,123,Dotty,Erdman
user15,123,Dwayne,Senger
user16,123,Guadalupe,Kunze
user17,123,Lyle,Mitchell
user18,123,Todd,Raynor
user19,123,Pa,Heathcote
user20,123,Dorthey,Boyle
user21,123,Dona,Gibson
user22,123,Sharron,Borer
user23,123,Estella,King
user24,123,Albertha,Auer
user25,123,Geraldo,Rohan
user26,123,Markus,Kemmer
user27,123,Pat,Bergstrom
user28,123,Vena,Ortiz
user29,123,Solange,Little
user30,123,Ilda,Dach
user31,123,Columbus,Daugherty
user32,123,Muriel,McKenzie
user33,123,Herma,Steuber
user34,123,Freddy,Reichel
user35,123,Fredericka,Senger
user36,123,Sammy,Batz
user37,123,Gonzalo,Herman
user38,123,Toby,Turner
user39,123,Rubi,Turner
user40,123,Mendy,Haley
user41,123,Shirlee,Bergnaum
user42,123,Tiesha,Mayer
user43,123,Coralee,Balistreri
user44,123,Vito,Corkery
user45,123,Hyman,Olson
user46,123,Lenita,Swift
user47,123,Marylouise,Orn
user48,123,Lilia,Metz
user49,123,Gene,Bruen
user50,123,Diedre,Bogan
user51,123,Caryl,Ortiz
user52,123,Mara,Fadel
user53,123,Brent,Abbott
user54,123,Otis,Hilll
user55,123,Mark,McLaughlin
user56,123,Wilfred,Gorczany
user57,123,Cleo,Koelpin
user58,123,Miranda,Quigley
user59,123,Tyson,Lebsack
user60,123,Desire,Kuhn
user61,123,Lady,Maggio
user62,123,Norberto,Wilderman
user63,123,Amos,Kozey
user64,123,Tuyet,McClure
user65,123,Renato,Lakin
user66,123,Krishna,Greenholt
user67,123,Katina,Dibbert
user68,123,Aide,Prohaska
user69,123,Maxima,Davis
user70,123,Shaun,Sipes
user71,123,Theodore,Koepp
user72,123,Giselle,Hartmann
user73,123,Efrain,Cummings
user74,123,Vincenzo,McCullough
user75,123,Kia,Deckow
user76,123,Ashley,Reichert
user77,123,Yong,Brekke
user78,123,Guadalupe,Hane
user79,123,Concetta,Green
user80,123,Rayford,Harber
user81,123,Deshawn,Quigley
user82,123,Deana,Rolfson
user83,123,Tilda,Tromp
user84,123,Raelene,Crooks
user85,123,Antwan,Stamm
user86,123,Stacy,Stroman
user87,123,Silas,Zieme
user88,123,Jodi,Rempel
user89,123,Alfonzo,Terry
user90,123,Aurelio,Kunde
user91,123,Raphael,Ullrich
user92,123,Nga,Daugherty
user93,123,Long,Rohan
user94,123,Cedric,Wisozk
user95,123,Len,Robel
user96,123,Fernando,Bogan
user97,123,Ramiro,West
user98,123,Mittie,Friesen
user99,123,Meta,Jerde
user100,123,Frankie,Smith
user101,123,Dena,Cormier
user102,123,Rebecca,Christiansen
user103,123,Vanetta,Bruen
user104,123,Candie,Hoppe
user105,123,Classie,Donnelly
user106,123,Blair,Schumm
user107,123,Leonard,Gaylord
user108,123,Rosaline,Runolfsdottir
user109,123,Ilda,Bogan
user110,123,Willie,Weber
user111,123,Ignacia,Brown
user112,123,Kena,Dare
user113,123,Stefani,Lynch
user114,123,Marcel,Bauch
user115,123,Natisha,Nader
user116,123,Young,Runolfsson
user117,123,Albertina,Altenwerth
user118,123,Jolanda,Marvin
user119,123,Logan,Maggio
user120,123,Charlie,Howell
user121,123,Amberly,Daugherty
user122,123,Grover,Harris
user123,123,Garry,Von
user124,123,Napoleon,Johnson
user125,123,Leora,Parker
user126,123,Armand,Armstrong
user127,123,Sidney,Bayer
user128,123,Angelique,Dibbert
user129,123,Jeffrey,Rosenbaum
user130,123,Manuela,Steuber
user131,123,Florentino,Hodkiewicz
user132,123,Lyman,Berge
user133,123,Jaime,Torphy
user134,123,Devorah,Conn
user135,123,Antonia,Russel
user136,123,Archie,Lemke
user137,123,Helaine,Wiza
user138,123,Keven,Ratke
user139,123,Antone,Stoltenberg
user140,123,Johnetta,Walter
user141,123,Angelo,Koch
user142,123,Georgiana,Emmerich
user143,123,Florence,Stokes
user144,123,Efrain,Boyle
user145,123,Gina,Lindgren
user146,123,Lavenia,Stark
user147,123,Raymond,Haag
user148,123,Delinda,Cummerata
user149,123,Jacinto,Schmeler
user150,123,Man,Cruickshank
user151,123,Shara,Parker
user152,123,Dorethea,Mitchell
user153,123,Milton,Quitzon
user154,123,Maurice,Moen
user155,123,Gus,Wilkinson
user156,123,Mica,Predovic
user157,123,Modesto,Rosenbaum
user158,123,Gilbert,Cremin
user159,123,Johnie,Lakin
user160,123,Josue,Volkman
user161,123,Edgardo,O'Hara
user162,123,Shasta,Nikolaus
user163,123,Alberto,Keebler
user164,123,Daryl,Johnson
user165,123,Daron,Treutel
user166,123,Troy,Roob
user167,123,Cayla,Steuber
user168,123,Israel,McGlynn
user169,123,Dexter,Stehr
user170,123,Aide,Bednar
user171,123,Lacy,Langworth
user172,123,Rubi,Schiller
user173,123,Sherlene,Paucek
user174,123,Mauricio,Becker
user175,123,Randee,Mayer
user176,123,Alphonso,Ledner
user177,123,Marcelene,O'Kon
user178,123,Dewey,Herman
user179,123,Winford,Runolfsdottir
user180,123,Vonnie,Kemmer
user181,123,Carline,Witting
user182,123,Louis,Rogahn
user183,123,Sean,Deckow
user184,123,Kacie,Weimann
user185,123,Russel,Willms
user186,123,Nicky,Pouros
user187,123,Ira,Dooley
user188,123,Gerardo,Moen
user189,123,Kelvin,Bauch
user190,123,Daisy,Witting
user191,123,Trula,Koelpin
user192,123,Harry,Kunde
user193,123,Chae,D'Amore
user194,123,Susy,Dietrich
user195,123,Cliff,O'Hara
user196,123,Pasty,Treutel
user197,123,Marget,Turner
user198,123,Pinkie,Stoltenberg
user199,123,Nieves,Schaefer
user200,123,Todd,White
user201,123,Tanesha,Wiegand
user202,123,Rudolf,Walsh
user203,123,Millard,Parisian
user204,123,Cole,Paucek
user205,123,Brendon,Reinger
user206,123,Alfredia,Kohler
user207,123,Edwardo,Marquardt
user208,123,Elvera,Wolf
user209,123,Long,Sawayn
user210,123,Valentine,Mertz
user211,123,Lily,Corwin
user212,123,Walton,Hoppe
user213,123,Rina,Wintheiser
user214,123,Raymonde,Corkery
user215,123,Cordell,Labadie
user216,123,Jacob,Breitenberg
user217,123,Giuseppe,Schaefer
user218,123,Freddie,Brekke
user219,123,Jeni,Lueilwitz
user220,123,Deane,Stoltenberg
user221,123,Terrance,Nolan
user222,123,Bobbie,Monahan
user223,123,Ed,Hills
user224,123,Alline,Shanahan
user225,123,Walton,Haley
user226,123,Claris,Kihn
user227,123,Rosalie,Graham
user228,123,Robin,Feest
user229,123,Elizebeth,Quitzon
user230,123,Joslyn,Hyatt
user231,123,Kraig,Schroeder
user232,123,Lane,Kuhlman
user233,123,Breanne,Swift
user234,123,Kanesha,Franecki
user235,123,Hisako,Schulist
user236,123,Jaime,Gleason
user237,123,Hai,Crist
user238,123,Teofila,Rutherford
user239,123,Lionel,Torp
user240,123,Stefan,Runolfsson
user241,123,Zachariah,Trantow
user242,123,Chase,Bradtke
user243,123,Frank,Padberg
user244,123,Leigh,Weber
user245,123,Walker,Roob
user246,123,Yuette,Hintz
user247,123,Tamie,Mann
user248,123,Chas,Stanton
user249,123,Rhett,Considine
user250,123,Chau,Connelly
user251,123,Faustino,Rath
user252,123,Marvin,Fadel
user253,123,Shirely,Conroy
user254,123,Lorenzo,Hammes
user255,123,Jon,Kilback
user256,123,Emory,Schamberger
user257,123,Glady,Altenwerth
user258,123,Rafaela,Daniel
user259,123,Luciano,Moen
user260,123,Colby,Bruen
user261,123,Andrea,Ortiz
user262,123,Patti,Jerde
user263,123,Dottie,Schinner
user264,123,Love,Mante
user265,123,Glinda,Hegmann
user266,123,Grant,Feeney
user267,123,Caroll,Anderson
user268,123,Randell,Mayer
user269,123,Abigail,Stiedemann
user270,123,Dian,Bahringer
user271,123,Stacia,Spinka
user272,123,Glenda,Smitham
user273,123,Galen,Stroman
user274,123,Buck,Kozey
user275,123,Rikki,Adams
user276,123,Maryetta,Parisian
user277,123,Loida,Veum
user278,123,Susannah,Okuneva
user279,123,Hee,Padberg
user280,123,Coretta,Bode
user281,123,Samuel,Goldner
user282,123,Sharon,Moen
user283,123,Ruthanne,Schneider
user284,123,Laure,White
user285,123,Alesia,Glover
user286,123,Olen,Harber
user287,123,Rafael,Metz
user288,123,Delila,McLaughlin
user289,123,Elmo,Boyle
user290,123,Shannan,Kovacek
user291,123,Jerold,Sipes
user292,123,Aiko,Parker
user293,123,Gerald,Kris
user294,123,Ewa,Price
user295,123,Lashon,Upton
user296,123,Weldon,Sipes
user297,123,Nick,Flatley
user298,123,Cameron,Cormier
user299,123,Owen,Nikolaus
user300,123,Deshawn,Renner
user301,123,Joan,Feil
user302,123,Abraham,McLaughlin
user303,123,Thersa,Stanton
user304,123,Galen,Zboncak
user305,123,Victor,Cronin
user306,123,Tyron,Lueilwitz
user307,123,Thanh,Wolf
user308,123,Lesha,Howe
user309,123,Cordia,Schulist
user310,123,Jonas,Pfannerstill
user311,123,Ben,Dooley
user312,123,Sasha,Emard
user313,123,Jonathon,Krajcik
user314,123,Tegan,Mohr
user315,123,Damian,Mohr
user316,123,Morris,Crona
user317,123,Hortensia,Herman
user318,123,Yessenia,McLaughlin
user319,123,Kaitlin,Will
user320,123,Vincenza,Rodriguez
user321,123,Whitley,Huel
user322,123,Cory,Emard
user323,123,Marcus,Senger
user324,123,Jc,Bernier
user325,123,Nickie,Gutmann
user326,123,Malia,Schneider
user327,123,Tad,Stoltenberg
user328,123,Curtis,Prohaska
user329,123,Dee,Daniel
user330,123,Caroline,Yost
user331,123,Kelley,Fahey
user332,123,Alvin,Wuckert
user333,123,Jarvis,Gerlach
user334,123,Toney,Hackett
user335,123,Timmy,Schultz
user336,123,Scotty,Gusikowski
user337,123,Ralph,Reichel
user338,123,Nicky,Kshlerin
user339,123,Fran,Crona
user340,123,Flavia,Harvey
user341,123,Jacquelyne,Donnelly
user342,123,Landon,Keebler
user343,123,Donnie,Collins
user344,123,Arlie,Schmidt
user345,123,Mariella,Braun
user346,123,Mina,Heidenreich
user347,123,Octavia,Hilpert
user348,123,Ivelisse,Kris
user349,123,Jasper,Stracke
user350,123,Fred,Schuppe
user351,123,Demetrius,Kautzer
user352,123,Haywood,Morissette
user353,123,Pierre,Dare
user354,123,Dennis,Cartwright
user355,123,Elliott,Kovacek
user356,123,Art,Altenwerth
user357,123,Mark,Wiegand
user358,123,Darren,Brown
user359,123,Indira,Tromp
user360,123,Wilhemina,Raynor
user361,123,Elisha,Schneider
user362,123,Denisha,Goyette
user363,123,Helena,MacGyver
user364,123,Domenic,Nienow
user365,123,Chas,Howe
user366,123,Josue,Nitzsche
user367,123,Gisela,Abshire
user368,123,Chas,Abbott
user369,123,Ernest,Lesch
user370,123,Elias,Littel
user371,123,Raleigh,Lesch
user372,123,Stephani,Schaden
user373,123,Gabriel,Sauer
user374,123,Lola,Hirthe
user375,123,Jewel,Treutel
user376,123,Bo,Powlowski
user377,123,Jamar,Collier
user378,123,Lashay,Lowe
user379,123,Rusty,Wyman
user380,123,Usha,Jenkins
user381,123,Christie,Rodriguez
user382,123,Yong,Harris
user383,123,Eddie,Schimmel
user384,123,Beulah,Hammes
user385,123,Len,Streich
user386,123,Mickey,Jast
user387,123,Fern,Mayert
user388,123,Blair,Effertz
user389,123,Eura,Volkman
user390,123,Amberly,Gorczany
user391,123,Mona,Konopelski
user392,123,Eliseo,Connelly
user393,123,Everett,O'Reilly
user394,123,Penelope,Terry
user395,123,Eddie,Hoeger
user396,123,Georgette,Lowe
user397,123,Cristopher,Bartoletti
user398,123,Shayne,Russel
user399,123,Tyree,Heidenreich
user400,123,Pok,Pfeffer
user401,123,Chauncey,Johnston
user402,123,Fredia,Greenfelder
user403,123,Jule,Luettgen
user404,123,Brendon,Altenwerth
user405,123,Ramon,Koss
user406,123,Marlon,MacGyver
user407,123,Scot,Pfeffer
user408,123,Lurlene,Douglas
user409,123,Iona,Schneider
user410,123,Kristofer,Russel
user411,123,Jeffrey,Watsica
user412,123,Myrtice,Cummings
user413,123,Ardell,O'Reilly
user414,123,Kenny,Dickinson
user415,123,Cleopatra,Berge
user416,123,Dalton,Towne
user417,123,Stacey,Crona
user418,123,Kyong,Schimmel
user419,123,Joaquina,Schneider
user420,123,Gilma,Kuhlman
user421,123,Rudolph,Braun
user422,123,Barry,McLaughlin
user423,123,Paul,Rolfson
user424,123,Shana,Hamill
user425,123,Cristen,Rohan
user426,123,Merle,Grimes
user427,123,Micheal,Gerhold
user428,123,Kevin,Stoltenberg
user429,123,Deon,Spencer
user430,123,Seymour,D'Amore
user431,123,Lashawnda,Miller
user432,123,Sunny,Wisoky
user433,123,Gussie,Schroeder
user434,123,Merrill,Schamberger
user435,123,Ian,Zemlak
user436,123,Scotty,Wintheiser
user437,123,Burl,Bartell
user438,123,Christoper,Wuckert
user439,123,Blair,Collins
user440,123,Micheline,Swift
user441,123,Patricia,Schmeler
user442,123,Darline,Tillman
user443,123,Alphonse,Schaden
user444,123,Laurence,Koss
user445,123,Elli,Howell
user446,123,Nohemi,Bergstrom
user447,123,Lavonne,Jenkins
user448,123,Angelo,Schmitt
user449,123,Korey,Spencer
user450,123,Sixta,Emard
user451,123,Beverly,Rempel
user452,123,Kerry,Crona
user453,123,Celia,Schultz
user454,123,Hershel,Cartwright
user455,123,Letha,Keeling
user456,123,Lee,Spencer
user457,123,Larisa,Heathcote
user458,123,Gabriela,Hessel
user459,123,Ora,Hodkiewicz
user460,123,Cheree,Erdman
user461,123,Adalberto,Pagac
user462,123,Torie,Schultz
user463,123,Lyndon,Huels
user464,123,Rodolfo,Zemlak
user465,123,Micah,Morar
user466,123,Rolando,Stokes
user467,123,Anderson,Wiza
user468,123,Spencer,Grant
user469,123,Elinore,Jaskolski
user470,123,Narcisa,Brakus
user471,123,Ivonne,Bashirian
user472,123,Arnulfo,Miller
user473,123,Ernie,Mayer
user474,123,Keith,Walsh
user475,123,Chuck,Goyette
user476,123,Nannette,Prosacco
user477,123,Rueben,Moen
user478,123,Destiny,Champlin
user479,123,Dolores,Gutmann
user480,123,Minh,Wehner
user481,123,Maximo,Cruickshank
user482,123,Lowell,Hermiston
user483,123,Harold,Wiza
user484,123,Rick,Farrell
user485,123,Sulema,Funk
user486,123,Allie,Hermiston
user487,123,Quentin,Hagenes
user488,123,Charmaine,Prosacco
user489,123,Rochell,Abbott
user490,123,Martin,Brakus
user491,123,Fallon,Johnston
user492,123,Hollis,Zieme
user493,123,Caleb,Cole
user494,123,Fredrick,Gleichner
user495,123,Dino,Mitchell
user496,123,Tarah,Hauck
user497,123,Davis,Kautzer
user498,123,Sharell,Gerhold
user499,123,Evelin,D'Amore
user500,123,Mitchell,VonRueden
user501,123,Abram,Okuneva
user502,123,Jerold,Gulgowski
user503,123,Cleora,Lesch
user504,123,Cleta,Breitenberg
user505,123,Willian,Nienow
user506,123,Thu,Boehm
user507,123,Valencia,Wilkinson
user508,123,Elmo,Cruickshank
user509,123,Jewell,Hamill
user510,123,Rosario,Doyle
user511,123,Roma,Beatty
user512,123,Deandrea,Keebler
user513,123,Modesto,Yost
user514,123,Edmundo,Greenfelder
user515,123,Javier,Cole
user516,123,Trey,Gulgowski
user517,123,Jeanice,Swaniawski
user518,123,Quinn,Towne
user519,123,Robin,Dietrich
user520,123,Shanice,Schmitt
user521,123,Luvenia,Runolfsdottir
user522,123,Rebbecca,Schimmel
user523,123,Coy,Hintz
user524,123,Shiela,Farrell
user525,123,Kalyn,Beatty
user526,123,Clemente,Crist
user527,123,Elliott,Gleason
user528,123,Lawanda,Zieme
user529,123,Ariel,Torphy
user530,123,Ellis,Kiehn
user531,123,Johnathan,Ritchie
user532,123,Maybelle,Walter
user533,123,Robbie,Mitchell
user534,123,John,Stanton
user535,123,Vernon,Botsford
user536,123,Jerrold,Murazik
user537,123,Freddie,Smitham
user538,123,Grover,Metz
user539,123,Jamel,Kshlerin
user540,123,Tenesha,Ledner
user541,123,Domenic,Breitenberg
user542,123,Malorie,Shanahan
user543,123,Marisol,Weissnat
user544,123,Lynwood,Steuber
user545,123,Wendell,Walker
user546,123,Oretha,Wisoky
user547,123,Becki,Aufderhar
user548,123,Kandy,Toy
user549,123,Britteny,Conroy
user550,123,Denver,West
user551,123,Arcelia,Walter
user552,123,Sheri,Effertz
user553,123,Shirley,Considine
user554,123,Evelynn,Steuber
user555,123,Dottie,Hoeger
user556,123,Bessie,Dach
user557,123,Deangelo,Muller
user558,123,Bennett,Stehr
user559,123,Claire,Parisian
user560,123,Brooks,Ryan
user561,123,Stefania,Skiles
user562,123,Lindsey,Murazik
user563,123,Columbus,Anderson
user564,123,Lloyd,Sawayn
user565,123,Jarrett,Willms
user566,123,Cole,Swaniawski
user567,123,Antonio,Feest
user568,123,Lynwood,Jakubowski
user569,123,Mitchell,Gleichner
user570,123,Tony,Wolff
user571,123,Noemi,Morissette
user572,123,Della,Collins
user573,123,Roni,Pollich
user574,123,Olen,Corkery
user575,123,Chet,Grady
user576,123,Alex,Gottlieb
user577,123,Kendrick,Lebsack
user578,123,Lucio,Cremin
user579,123,Shery,Gleichner
user580,123,Aubrey,Yost
user581,123,Lyla,Cartwright
user582,123,Allen,Hilpert
user583,123,Karey,Rutherford
user584,123,Filiberto,Satterfield
user585,123,Johnnie,Daugherty
user586,123,Vicky,Stiedemann
user587,123,Ida,Sporer
user588,123,Lenard,Leffler
user589,123,Quinton,O'Keefe
user590,123,Zachary,Gerlach
user591,123,Al,Johnston
user592,123,Rodger,Dickinson
user593,123,Jeremiah,Bode
user594,123,Rosena,Haag
user595,123,Brice,Wiza
user596,123,Oscar,Pollich
user597,123,Julieta,McGlynn
user598,123,Lee,Aufderhar
user599,123,Renato,Renner
user600,123,Shirley,Stroman
